emp_id,first_name,last_name,email,gender,ssn,dob,Age,branch_id
1,Christian,Speedin,cspeedin0@google.co.jp,Female,5065889058,4/12/99,23,1
2,Gardner,Leguay,gleguay1@nationalgeographic.com,Male,4250644782,20-05-1990,32,1
3,Flory,Binnion,fbinnion2@oakley.com,Male,3176294093,10/5/82,40,1
4,Eziechiele,Swaisland,eswaisland3@mysql.com,Male,8486576679,28-07-1988,34,1
5,Trever,Pawfoot,tpawfoot4@arizona.edu,Male,5194927827,8/11/92,30,2
6,Sherwynd,Dewi,sdewi5@narod.ru,Male,3875170288,10/12/92,30,2
7,Alix,Feary,afeary6@lycos.com,Female,5834548105,5/3/88,34,1
8,Clare,Felten,cfelten7@economist.com,Female,7464467671,7/6/84,38,1
9,Panchito,Blazewski,pblazewski8@netlog.com,Male,9707315695,21-12-1994,27,2
10,Dynah,Ricardon,dricardon9@edublogs.org,Genderfluid,3672516716,28-07-1999,23,2
11,Phylys,Nieass,pnieassa@google.fr,Female,8831857169,25-12-1985,36,2
12,Hanny,Lightbown,hlightbownb@chron.com,Female,8786898434,23-09-1997,25,2
13,Rosanna,Mattock,rmattockc@ow.ly,Female,9982269089,2/11/87,35,2
14,Lilian,Cloughton,lcloughtond@goo.gl,Female,7152137277,3/12/83,39,2
15,Sorcha,Ceschelli,sceschellie@soundcloud.com,Female,4379910911,14-04-1997,25,1
16,Red,McDonnell,rmcdonnellf@yolasite.com,Male,8944999961,12/5/94,28,1
17,Kacie,McNelly,kmcnellyg@blogtalkradio.com,Female,9195282777,13-07-1999,23,2
18,Dorthea,Skotcher,dskotcherh@de.vu,Female,6965638850,7/10/93,29,2
19,Shani,Ferreira,sferreirai@economist.com,Female,2781079448,14-02-1999,23,1
20,Aili,Jouanny,ajouannyj@webeden.co.uk,Female,5347755903,26-06-1992,30,1
21,August,Senyard,asenyardk@tripod.com,Male,7709877915,5/8/89,33,1
22,Odell,Dominelli,odominellil@google.ru,Male,2644158680,17-03-1998,24,1
23,Jason,Rabbage,jrabbagem@angelfire.com,Male,3738041168,4/5/98,24,2
24,Nikolos,Spurr,nspurrn@boston.com,Male,3231028817,11/4/85,37,2
25,Zelma,Ortelt,zortelto@prweb.com,Female,3760556604,30-09-1990,32,2
26,Dorise,Dronsfield,ddronsfieldp@wsj.com,Female,4040919424,26-11-1991,31,1
27,Meagan,Stoggell,mstoggellq@vk.com,Female,2516727445,10/3/98,24,1
28,Adlai,Skayman,askaymanr@ocn.ne.jp,Agender,857986880,18-01-1999,23,1
29,Winfield,Ramsted,wramsteds@fda.gov,Male,5160888160,22-11-1983,39,1
30,Deloria,Demange,ddemanget@paypal.com,Female,428974198,17-10-1995,27,2
31,Darelle,Gosswell,dgosswellu@samsung.com,Genderfluid,2276680482,12/8/90,32,2
32,Marita,Elsip,melsipv@edublogs.org,Female,4580527690,16-02-1986,36,2
33,Nike,Setterington,nsetteringtonw@jimdo.com,Female,2142434983,27-12-1987,34,2
34,Vanya,Drain,vdrainx@bizjournals.com,Female,9867656539,9/7/91,31,2
35,Clarinda,Gorbell,cgorbelly@phpbb.com,Female,6091337815,20-08-1995,27,2
36,Rich,Brothers,rbrothersz@i2i.jp,Male,4011610879,2/2/95,27,2
37,Tatiania,Morland,tmorland10@freewebs.com,Female,6869998345,15-04-1994,28,2
38,Talyah,Gillinghams,tgillinghams11@opensource.org,Polygender,7050148091,8/5/89,33,2
39,Merci,Durker,mdurker12@is.gd,Female,9151440067,2/12/91,31,2
40,Maxy,Duinbleton,mduinbleton13@lycos.com,Female,819692530,6/12/83,39,2
41,Marylee,Folshom,mfolshom14@independent.co.uk,Female,5035636615,15-07-1988,34,1
42,Dulcinea,Kik,dkik15@slideshare.net,Female,4885748577,15-09-1993,29,1
43,Wallache,Vigours,wvigours16@oaic.gov.au,Male,7400634992,13-11-1983,39,1
44,Derwin,Scudders,dscudders17@smugmug.com,Male,8718247113,10/3/00,22,1
45,Kissie,Suero,ksuero18@techcrunch.com,Female,2422795390,25-03-1986,36,1
46,Kristyn,Abbes,kabbes19@lycos.com,Female,4009806583,26-11-1986,36,1
47,Laverne,Cawston,lcawston1a@csmonitor.com,Genderfluid,1039245625,13-08-1981,41,1
48,Shelden,Stephens,sstephens1b@bbb.org,Male,3286465615,24-12-1982,39,2
49,Lorne,Wollacott,lwollacott1c@unesco.org,Male,4968980337,10/10/84,38,2
50,Aurelea,Osbaldeston,aosbaldeston1d@yahoo.co.jp,Female,6682745613,19-07-1999,23,2
51,Saunderson,Peet,speet1e@zimbio.com,Male,4494845493,25-01-1981,41,2
52,Bendix,Gettings,bgettings1f@php.net,Male,1708075704,13-04-1986,36,2
53,Zulema,Bartolomeo,zbartolomeo1g@vimeo.com,Female,8337106611,19-03-1986,36,2
54,Betty,Rodinger,brodinger1h@harvard.edu,Female,1728776457,23-02-1991,31,1
55,Mag,Braham,mbraham1i@earthlink.net,Female,8144261380,26-11-2000,22,1
56,Shannah,Steketee,ssteketee1j@china.com.cn,Female,2075370079,22-09-1988,34,2
57,Jan,Dunbobin,jdunbobin1k@blog.com,Male,4876495335,27-08-1991,31,2
58,Dallas,McTrustey,dmctrustey1l@slideshare.net,Male,2264236108,13-03-1982,40,2
59,Nestor,Dobbson,ndobbson1m@topsy.com,Male,7170865467,24-03-1991,31,2
60,Verina,Broadnicke,vbroadnicke1n@nytimes.com,Female,8047417185,17-07-1988,34,2
61,Natividad,Shannon,nshannon1o@yahoo.co.jp,Female,9433918886,30-11-1996,26,2
62,Giustina,Willishire,gwillishire1p@discuz.net,Female,9248558976,5/11/98,24,2
63,Susana,Huey,shuey1q@gmpg.org,Female,3984677952,5/4/84,38,2
64,Wald,Corrin,wcorrin1r@paypal.com,Male,4181110133,18-09-1989,33,2
65,Colver,Aspy,caspy1s@ameblo.jp,Male,7829107572,17-07-1987,35,2
66,Hannis,Drayton,hdrayton1t@cmu.edu,Agender,9116952073,20-03-1986,36,2
67,Reed,Valens-Smith,rvalenssmith1u@booking.com,Male,6097884753,7/4/84,38,2
68,Rosie,Jurries,rjurries1v@barnesandnoble.com,Female,1507680732,14-06-1995,27,2
69,Belita,Blackie,bblackie1w@blog.com,Female,672912945,13-04-1996,26,2
70,Gabe,Chart,gchart1x@springer.com,Non-binary,4734065047,28-08-1981,41,1
71,Ax,Gantley,agantley1y@quantcast.com,Male,3146463873,17-04-1986,36,1
72,Alaster,Ralestone,aralestone1z@va.gov,Male,9417373242,12/9/98,24,1
73,Karolina,Marl,kmarl20@goodreads.com,Female,1112157948,12/5/00,22,1
74,Anni,Lockhart,alockhart21@sina.com.cn,Female,9887738174,27-07-1986,36,1
75,Noble,Habershaw,nhabershaw22@bandcamp.com,Male,7024683600,17-12-1985,36,1
76,Burnaby,Banat,bbanat23@furl.net,Male,2437356118,25-01-1996,26,1
77,Anni,Stickins,astickins24@tmall.com,Female,9515547067,29-08-1998,24,2
78,Dominik,Bramble,dbramble25@ftc.gov,Male,8167375471,20-02-1988,34,2
79,Filip,Jatczak,fjatczak26@wikia.com,Male,5965717156,15-05-1986,36,2
80,Lola,Spencley,lspencley27@ted.com,Female,9663698241,11/12/95,27,2
81,Abie,Licence,alicence28@cbsnews.com,Male,8433162462,28-07-1987,35,1
82,Hope,Peizer,hpeizer29@jalbum.net,Female,2434457193,22-04-1989,33,1
83,Silva,Fishwick,sfishwick2a@slate.com,Bigender,841546746,17-04-1991,31,2
84,Deeann,Gittens,dgittens2b@technorati.com,Female,3773019475,30-05-1995,27,2
85,Della,Diggar,ddiggar2c@hostgator.com,Female,8962458276,13-08-2000,22,1
86,Adriaens,Snel,asnel2d@creativecommons.org,Female,7115955573,11/12/87,35,1
87,Chaddie,Balden,cbalden2e@google.com.hk,Male,4556293286,10/10/88,34,1
88,Claudian,Frackiewicz,cfrackiewicz2f@networksolutions.com,Male,6344286067,17-05-1983,39,1
89,Kelley,Gault,kgault2g@yolasite.com,Male,4507657598,3/5/83,39,1
90,Susanne,Lozano,slozano2h@xrea.com,Female,4755694035,3/2/87,35,1
91,Kearney,Timmermann,ktimmermann2i@creativecommons.org,Male,278795722,30-05-1998,24,1
92,Suzie,Bringloe,sbringloe2j@dropbox.com,Agender,7583274494,12/6/88,34,1
93,Lorens,Michelotti,lmichelotti2k@jimdo.com,Male,9890613859,1/10/83,39,2
94,Marieann,Kiggel,mkiggel2l@smh.com.au,Female,2764879229,22-11-1996,26,2
95,Paddie,Magill,pmagill2m@addtoany.com,Male,8690167544,7/1/81,41,1
96,Curcio,Aspinal,caspinal2n@imdb.com,Male,1421879204,1/1/93,29,2
97,Israel,Gabbett,igabbett2o@mlb.com,Male,3313124267,21-11-1998,24,1
98,Zara,Willbourne,zwillbourne2p@linkedin.com,Female,509129676,29-09-1989,33,1
99,Aubine,Capps,acapps2q@gizmodo.com,Female,7958974469,22-11-2000,22,2
100,Jacqui,Latimer,jlatimer2r@flickr.com,Female,9014218419,5/3/95,27,1